index,slot,label,category,status,coverage_group,board_screenshot,swift_screenshot,purpose,primary_actions,states,required_data,coverage_notes
1,inbox,Inbox · approval queue,Core approvals,partial,partial-or-route-gap,board-screenshots/01-inbox-approval-queue.jpg,swift-screenshots/tab-inbox.png,Let the user review pending agent permission requests and decide whether work can continue.,Approve or deny a request.; Open more detail about the requested command or file change.; Edit the requested command or input before running it.; Create a scoped allow rule when the request should not ask again.,Pending approvals; No pending approvals; Disconnected bridge; Policy warning or high-risk request,Agent name; Host and working directory; Requested tool or command; Risk level; Time waiting; Policy outcome,Swift root exists and is populated; board is newer target composition.
2,sheet,Decision sheet · all 4 actions,Core approvals,partial,partial-or-route-gap,board-screenshots/02-decision-sheet-all-4-actions.jpg,,Present the full decision surface for one approval request.,Approve the request.; Deny the request.; Edit and run a modified request.; Open allow-always scope configuration.,Normal request; High-risk request; Blocked by policy; Submitting decision,Request summary; Exact command/input/path; Risk reason; Policy rule that applies,Decision mechanics exist; this audit did not capture a stable isolated sheet route.
3,critical,Critical · Face ID gate,Trust and safety,partial,partial-or-route-gap,board-screenshots/03-critical-face-id-gate.jpg,,Require local authentication before approving an irreversible or broad-impact request.,Authenticate locally.; Cancel and return to the approval.; Review why the request is critical.,Authentication required; Authentication failed or canceled; Simulator/device without biometrics,Critical risk reason; Request details; Authentication result,Biometric gate exists and simulator degrades gracefully; no captured Face ID prompt surface.
4,editrun,Decision · edit & run (3rd action),Core approvals,partial,partial-or-route-gap,board-screenshots/04-decision-edit-run-3rd-action.jpg,swift-screenshots/tab-inbox.png,Allow the user to safely modify an agent request before execution.,Edit the command or input.; Run the edited version.; Cancel without sending a decision.,Valid edit; Invalid or empty edit; Submitting edited decision,Original request; Edited request; Host/workspace context,Action is represented in the approval card; target board shows a dedicated edit sheet.
5,allowalways,Decision · allow always → rule written,Policy and governance,partial,partial-or-route-gap,board-screenshots/05-decision-allow-always-rule-written.jpg,,Confirm that an approval has been converted into a reusable scoped policy rule.,Review the generated rule.; Undo or revoke the rule if needed.; Return to the approval queue.,Rule written; Rule write failed; Rule pending reload,Tool/action; Path or host scope; Policy effect; Expiration or revocation hint,"Scope sheet exists, but no stable automated screenshot was captured."
6,firstrun,Inbox · first-run + demo,Onboarding and first run,partial,partial-or-route-gap,board-screenshots/06-inbox-first-run-demo.jpg,swift-screenshots/gallery-onboarding.png,Explain the first useful approval loop and give the user a safe demo path.,Start the first run or demo.; Connect a host if required.; Skip to the inbox if setup is already complete.,No host connected; Demo available; First approval available,Setup progress; Demo task; Next required action,Swift onboarding exists; board combines first run and demo approval in inbox.
7,empty,Inbox zero · returning user,Core approvals,partial,partial-or-route-gap,board-screenshots/07-inbox-zero-returning-user.jpg,swift-screenshots/gallery-states.jpg,Show that there are no pending decisions while still communicating system readiness.,Start a task.; Open fleet or activity for context.; Reconnect if the bridge is offline.,All caught up; Bridge offline; Waiting for first run,Connection state; Recent activity summary; Suggested next action,State gallery covers empty/loading/error patterns; no real-app empty inbox capture in this pass.
8,fleet,Fleet · cross-vendor spend,Fleet and providers,partial,partial-or-route-gap,board-screenshots/08-fleet-cross-vendor-spend.jpg,swift-screenshots/tab-fleet.png,"Show connected hosts, agents, provider usage, and operational status across the user’s control plane.",Open a host or running agent.; Add or reconnect a host.; Review spend and provider status.; Open quota guard or host health details.,Healthy host; Offline host; Running agent; Provider limit warning,Host name; Agent/runtime; Model/provider; Spend/quota; Relay state; Health state,Fleet root exists; board adds denser spend/privacy treatment.
9,rundetail,Agent · run detail + stop (NEW),Run control,partial,partial-or-route-gap,board-screenshots/09-agent-run-detail-stop-new.jpg,,Show the details and controls for an active or recent agent run.,"Stop or pause the run.; Open logs, proof, or changed files.; Set a run budget.; Send a follow-up instruction when supported.",Running; Paused; Stopped; Completed; Failed,Goal; Current step; Elapsed time; Cost/budget; Changed files; Proof status,Swift RunDetailView exists but has no direct gallery route captured.
10,activity,Activity · while you were away,Audit and history,partial,partial-or-route-gap,board-screenshots/10-activity-while-you-were-away.jpg,swift-screenshots/tab-activity.png,"Summarize important decisions, runs, and bridge events that happened while the user was away.","Open an event detail.; Filter by host, agent, or risk.; Export or inspect audit evidence when available.",Populated activity; No recent activity; Unable to load audit feed,Event type; Timestamp; Host; Agent; Decision outcome; Audit hash or verification state,Activity tab exists; populated audit data depends on daemon/live state.
11,proofcard,Proof Card · completion attestation,Proof and completion,matches,current-captured,board-screenshots/11-proof-card-completion-attestation.jpg,swift-screenshots/gallery-proof.jpg,Summarize what an agent completed and provide evidence that the result can be trusted.,Review completed work.; Open changed files or CI results.; Share or save proof evidence.,Proof complete; Proof pending; Proof failed or missing,Goal; Changed files; Tests or CI outcome; Commit/branch; Evidence timestamp,Dedicated gallery route captured.
12,loopdetail,Loop · goal → plan → CI → proof,Loop supervision,partial,partial-or-route-gap,board-screenshots/12-loop-goal-plan-ci-proof.jpg,,"Show the full lifecycle of an agent loop from goal through plan, execution, CI, and proof.",Review each loop stage.; Open CI or proof detail.; Stop or redirect the loop when supported.,Planning; Executing; Waiting on CI; Ready for proof; Completed; Failed,Goal; Plan steps; Current stage; CI events; Proof status; Policy exceptions,Swift view exists with CI/proof sections; no direct screenshot route captured.
13,worktreeboard,Worktrees · 3-column branch supervision,Branch supervision,partial,partial-or-route-gap,board-screenshots/13-worktrees-3-column-branch-supervision.jpg,,"Compare multiple active worktrees or branches and help the user decide what should continue, merge, or stop.",Open a worktree.; Compare progress across branches.; Stop or archive stale work.; Promote the best branch.,No worktrees; Multiple active worktrees; Conflict or stale branch,Branch name; Goal; Status; Last activity; Changed files; CI/proof state,Swift view exists; no direct screenshot route captured.
14,nudge,Nudge · mid-run instruction,Run control,Swift empty / not built,future-needed,board-screenshots/14-nudge-mid-run-instruction.jpg,,Send a mid-run instruction to an agent without restarting the task.,Write a follow-up instruction.; Choose whether the instruction is advisory or blocking.; Submit or cancel the nudge.,Agent can receive nudges; Agent cannot receive nudges; Submitting nudge,Current run; Current step; Instruction text; Delivery state,No Swift route/view found for the board nudge composer.
15,switch-model,Switch model · mid-run,Run control,Swift empty / not built,future-needed,board-screenshots/15-switch-model-mid-run.jpg,,"Change the model or provider used by an active run when cost, quota, privacy, or capability needs change.",Select another model/provider.; Review impact before switching.; Confirm or cancel the change.,Switch available; Switch blocked by policy; Quota-limited provider,Current model; Available models; Provider limits; Privacy/data-leaving-host status; Estimated cost impact,No Swift route/view found for mid-run model switching.
16,cievents,CI / PR Event Feed,CI and repository events,partial,partial-or-route-gap,board-screenshots/16-ci-pr-event-feed.jpg,,"Show repository checks, pull request events, and CI status related to agent work.","Open a CI event.; Filter by run, branch, or status.; Retry or inspect failed checks when supported.",Checks passing; Checks failing; Checks running; No CI connected,Repository; Branch/PR; Check name; Status; Timestamp; Failure reason,"Backend/client support exists inside loop detail, but no standalone feed route was captured."
17,budget-sheet,Budget · set-run-budget overlay,Cost control,partial,partial-or-route-gap,board-screenshots/17-budget-set-run-budget-overlay.jpg,,Set or adjust the spend limit for one run before or during execution.,Enter a run budget.; Review current spend.; Confirm or cancel the budget change.,Budget available; Budget exceeded; Budget cannot be changed,Current spend; Proposed limit; Remaining quota; Provider,Budget sheet exists behind RunDetailView; no stable sheet screenshot route captured.
18,run-detail-v2,Run detail · control surface (v2),Run control,partial,partial-or-route-gap,board-screenshots/18-run-detail-control-surface-v2.jpg,,"Provide a single control surface for monitoring, stopping, budgeting, and reviewing a run.","Stop/pause/resume where available.; Open proof, files, CI, and activity.; Change budget or send a nudge when available.",Running; Waiting for user; Blocked; Complete; Failed,Goal; Status; Cost; Model; Host; Recent events; Available controls,Swift RunDetailView exists; no direct screenshot route captured.
19,dispatch,Dispatch · start a task (NEW),Task start,partial,partial-or-route-gap,board-screenshots/19-dispatch-start-a-task-new.jpg,,"Start a new agent task with the right host, repository, provider, budget, and policy context.",Enter a task goal.; Choose host or workspace.; Choose agent/model if available.; Set optional budget or caution level.; Submit the task.,Ready to submit; Missing host/workspace; Policy blocks dispatch; Submitting,Goal; Host; Repository/path; Agent runtime; Model/provider; Budget; Policy preset,"Swift DispatchView exists and is reachable as a sheet, but was not captured by stable automation."
20,policy,Policy · presets + effect chips,Policy and governance,partial,partial-or-route-gap,board-screenshots/20-policy-presets-effect-chips.jpg,,Let the user choose and understand policy presets that determine what agents can do without asking.,Select a policy preset.; Inspect what each preset permits or blocks.; Open custom policy editing.,Balanced/default preset; Stricter preset; Custom policy; Invalid policy,Preset name; Allowed actions; Ask-required actions; Denied actions; Risk coverage,Swift policy editor exists; no direct screenshot route captured.
21,policy-yaml,Policy · edit policy.yaml + reload,Policy and governance,partial,partial-or-route-gap,board-screenshots/21-policy-edit-policy-yaml-reload.jpg,,Edit the bridge policy file and reload it on the host.,View policy YAML.; Edit and save policy YAML.; Reload policy on the bridge.; Open policy simulation.,Saved; Unsaved edits; Reload failed; Invalid YAML,Policy file path; YAML body; Validation errors; Reload result,Swift bridge policy editor/reload path exists; live bridge data not captured.
22,notifications,Settings · notifications + quiet hours,Settings,partial,partial-or-route-gap,board-screenshots/22-settings-notifications-quiet-hours.jpg,swift-screenshots/tab-settings.png,Configure which agent and approval events notify the user and when notifications should be quiet.,Enable or disable notification classes.; Set quiet hours.; Test notification delivery when supported.,Notifications enabled; Notifications disabled; Quiet hours active; Permission missing,Notification categories; Quiet-hours schedule; Permission state,Settings root captured; detailed notification controls are below/inside settings.
23,providerkeys,Settings · provider keys (multi-vendor),Provider setup,partial,partial-or-route-gap,board-screenshots/23-settings-provider-keys-multi-vendor.jpg,,Manage provider credentials and model access without exposing secrets unnecessarily.,Add or update provider credentials.; Verify a provider connection.; Remove a provider credential.,Provider connected; Missing credential; Credential invalid; Verification pending,Provider name; Credential status; Available models; Last verified time,Swift provider keys view exists; no pushed view screenshot captured.
24,settings,Settings · Library dissolved,Settings,partial,partial-or-route-gap,board-screenshots/24-settings-library-dissolved.jpg,swift-screenshots/tab-settings.png,"Collect account, security, policy, notifications, billing, provider, relay, and advanced configuration entry points.",Open a settings section.; Review app and bridge status.; Manage account/billing/security settings.,Connected; Disconnected; Needs setup; Entitlement missing,Account state; Bridge state; Security settings; Billing state; Provider state,Settings root exists and Library is not a root tab; target board is denser.
25,policysimulator,Policy Simulator · past N days,Policy and governance,partial,partial-or-route-gap,board-screenshots/25-policy-simulator-past-n-days.jpg,,Estimate how a policy would have affected recent agent activity before applying it.,Choose a time window.; Run a simulation.; Review changed outcomes.; Apply or revise the policy.,Ready to simulate; Simulation running; Simulation complete; Simulation failed,Policy input; Period; Allowed/asked/denied counts; Top affected rules; Representative events,Swift simulator view exists from policy editor; no screenshot route captured.
26,secrets,Secrets · vault + pending requests,Secrets and permissions,partial,partial-or-route-gap,board-screenshots/26-secrets-vault-pending-requests.jpg,,Show available secret metadata and pending agent requests for secret access.,Approve or deny a secret request.; Inspect secret metadata.; Revoke or rotate access where supported.,No secrets; Secrets available; Pending secret requests; Backend unavailable,Secret name/metadata; Requester; Requested scope; Decision history,Swift secrets view exists; live secret data is owner-only/live-data.
27,onb-1,Onboarding 1 · hero,Onboarding,partial,partial-or-route-gap,board-screenshots/27-onboarding-1-hero.jpg,swift-screenshots/gallery-onboarding.png,Introduce the product’s primary job and start the setup flow.,Continue setup.; Learn what needs to be connected.,First launch; Returning user who has not completed setup,Setup progress; Primary value proposition; Next setup step,Swift onboarding exists but visual direction differs from the board.
28,onb-2,Onboarding 2 · pair the bridge (no SSH),Onboarding,partial,partial-or-route-gap,board-screenshots/28-onboarding-2-pair-the-bridge-no-ssh.jpg,swift-screenshots/gallery-onboarding-b.jpg,Pair the phone with the bridge or local control plane without requiring the user to understand SSH first.,Start pairing.; Scan or enter a pairing code.; Handle pairing failure.,Ready to pair; Pairing; Pairing failed; Pairing complete,Pairing code/link; Bridge identity; Connection state,Alternate onboarding gallery captured; exact board step not isolated.
29,onb-3,Onboarding 3 · choose caution,Onboarding,partial,partial-or-route-gap,board-screenshots/29-onboarding-3-choose-caution.jpg,swift-screenshots/gallery-onboarding-b.jpg,Choose the initial caution/autonomy level for agent approvals.,Select a caution level.; Review what the level means functionally.; Continue setup.,Default level selected; Strict level selected; Custom level selected,Caution level; Actions that ask; Actions that auto-allow; Actions that deny,Caution/autonomy exists in onboarding/settings; exact board step not isolated.
30,onb-4,Onboarding 4 · first run + demo,Onboarding,partial,partial-or-route-gap,board-screenshots/30-onboarding-4-first-run-demo.jpg,swift-screenshots/gallery-onboarding.png,Guide the user into the first run or demo after basic setup is complete.,Start first run.; Open demo approval.; Finish onboarding.,Ready for first run; Demo available; Setup incomplete,Selected host; Selected policy; Demo task,First-run demo treatment is board-only as a composed artboard.
31,addhost,Advanced · add host over SSH,Host setup,partial,partial-or-route-gap,board-screenshots/31-advanced-add-host-over-ssh.jpg,,Connect a new host that agents can use for work.,Enter host details.; Choose authentication method.; Test connection.; Save host.,Empty form; Testing connection; Authentication needed; Connection failed; Host saved,Host name; Address; Port; Username; Authentication status,Swift AddHostView exists; sheet capture was not stable in this pass.
32,tofu,Advanced · trust host key (TOFU),Host setup and trust,owner-only/live-data,requires-live-data,board-screenshots/32-advanced-trust-host-key-tofu.jpg,,Ask the user to trust or reject a host key the first time a host is connected.,Review host fingerprint.; Trust and continue.; Reject and stop connection.,Unknown host key; Fingerprint changed; Trusted key stored,Host; Fingerprint; Previous fingerprint if changed; Connection target,Requires live SSH host-key flow; not faked in screenshots.
33,sshkeys,Advanced · SSH keys (kept · real data),Credentials,owner-only/live-data,requires-live-data,board-screenshots/33-advanced-ssh-keys-kept-real-data.jpg,,Show SSH key material status and keychain-backed access without exposing private key contents.,Add or import a key.; Unlock a key when needed.; Remove or rotate a key.,No key; Key available; Unlock required; Key verification failed,Key label; Fingerprint; Host association; Unlock state,Keychain/real-key state exists but was not captured with private data.
34,terminal,Power-user · live block session,Power-user session,partial,partial-or-route-gap,board-screenshots/34-power-user-live-block-session.jpg,swift-screenshots/gallery-session.jpg,Provide deeper access to a live session transcript and command blocks for users who need to inspect execution.,Read live output.; Send input when allowed.; Switch between block and raw session modes when supported.,Connected; Connecting; Disconnected; Raw full-screen program active,Host; Current directory; Command blocks; Output stream; Connection state,Session gallery captured; live terminal data is owner-only/live-data.
35,diff,Diff · approve a write,File change review,matches,current-captured,board-screenshots/35-diff-approve-a-write.jpg,swift-screenshots/gallery-diff.jpg,Let the user inspect a proposed file change before approving an agent write.,Review changed hunks.; Approve or deny the write.; Open affected file detail.,Diff available; Large diff; Binary or unsupported file; Write already decided,File path; Added/removed lines; Requesting agent; Decision state,Dedicated diff gallery route captured.
36,fileviewer,File viewer · tap a file → drawer (NEW),File review,partial,partial-or-route-gap,board-screenshots/36-file-viewer-tap-a-file-drawer-new.jpg,swift-screenshots/gallery-filepreview.jpg,Preview a file or selected changed file from an agent run.,Open a file.; Move between files.; Return to run or diff context.,File loaded; File unavailable; Unsupported file type,File path; File content or preview; Related run/change,File preview gallery captured; board drawer interaction is newer target design.
37,e2erelay,Relay pairing · E2E status,Relay and security,partial,partial-or-route-gap,board-screenshots/37-relay-pairing-e2e-status.jpg,,Pair and monitor the encrypted relay path used for approvals and status updates.,Start pairing.; Verify relay state.; Disconnect or repair pairing.,Unpaired; Pairing; Paired; Disconnected; Error,Relay URL/state; Pairing state; Encryption/session state,Swift relay pairing view exists; no pushed view screenshot captured.
38,doctor,Doctor · health check,Diagnostics,partial,partial-or-route-gap,board-screenshots/38-doctor-health-check.jpg,,"Run health checks that explain why setup, bridge, relay, notifications, or provider access is not working.",Run checks.; Open fix instructions for failed checks.; Re-run after fixing.,All checks pass; Some checks fail; Checks running; Unable to run checks,Check name; Pass/fail state; Failure reason; Suggested fix,Swift doctor view exists; no pushed view screenshot captured.
39,allowalways-scope,Allow always · scope config,Policy and governance,partial,partial-or-route-gap,board-screenshots/39-allow-always-scope-config.jpg,,Define the exact scope of a reusable allow rule before it is saved.,Choose tool/action scope.; Choose host/path/repository scope.; Set expiration if supported.; Save or cancel rule.,Safe narrow scope; Broad scope warning; Invalid scope,Tool/action; Host; Path/repository; Risk level; Expiration,Swift scope sheet exists; no stable isolated screenshot route captured.
40,trust-privacy,Trust & Privacy · what leaves your host,Trust and privacy,partial,partial-or-route-gap,board-screenshots/40-trust-privacy-what-leaves-your-host.jpg,swift-screenshots/tab-settings.png,Explain what data leaves the host and what remains local for each product capability.,"Review data paths.; Open related settings for relay, providers, or keys.",Local-only path; Cloud provider path; Relay path; Unknown or misconfigured path,Capability; Data sent; Destination; Control/revocation path,Settings entry exists; detailed trust screen was not captured.
41,fleet-privacy,Fleet · model + privacy,Fleet and providers,partial,partial-or-route-gap,board-screenshots/41-fleet-model-privacy.jpg,swift-screenshots/tab-fleet.png,"Show model, provider, and privacy state per host or active agent.",Inspect a host/agent.; Open provider settings.; Switch to a safer provider when supported.,Local model; Cloud model; Relay protected; Provider missing,Host; Agent; Model; Provider; Data path; Quota/spend,Fleet has model/privacy badges; board detail is newer target design.
42,auditchain,Audit · tamper-evident chain,Audit and compliance,partial,partial-or-route-gap,board-screenshots/42-audit-tamper-evident-chain.jpg,,Show tamper-evident audit records and verification status for decisions and bridge events.,Verify audit chain.; Export audit records.; Open event detail.,Verified; Verification failed; No audit records; Exporting,Audit events; Hash/verification state; Export file; Event metadata,Audit chain view and verification model exist; no pushed view screenshot captured.
43,hosthealth,Host health · daemon detail,Fleet diagnostics,partial,partial-or-route-gap,board-screenshots/43-host-health-daemon-detail.jpg,swift-screenshots/tab-fleet.png,Show detailed daemon and host health for one connected machine.,Refresh health.; Open failed check details.; Reconnect or run doctor.,Healthy; Degraded; Offline; Unknown,Daemon status; Version; Latency; Disk/process checks; Last heartbeat,Swift has host health polling/badge; no daemon-detail screen found.
44,usage,Billing · spend + quota remaining,Billing and quota,matches,current-captured,board-screenshots/44-billing-spend-quota-remaining.jpg,swift-screenshots/gallery-billing.jpg,"Show spend, quota, usage, and billing state across providers or the app account.",Review usage.; Open plan or billing management.; Inspect quota alerts.,Within quota; Near quota; Over quota; Billing unavailable,Current spend; Quota remaining; Billing period; Provider breakdown; Plan,Dedicated billing gallery route captured.
45,paywall,Lancer Pro · paywall,Billing,matches,current-captured,board-screenshots/45-lancer-pro-paywall.jpg,swift-screenshots/gallery-paywall.jpg,Explain why a paid capability is unavailable and let the user upgrade or compare plans.,Review locked capability.; Compare plan options.; Start upgrade or dismiss.,Feature locked; Already subscribed; Store unavailable,Feature name; Plan options; Entitlement state,Dedicated paywall gallery route captured.
46,quotaguard,Quota · per-provider dashboard,Cost control,partial,partial-or-route-gap,board-screenshots/46-quota-per-provider-dashboard.jpg,,Show per-provider quota and spend guardrails so users can prevent unexpected cost or blocked runs.,Review quota by provider.; Open provider detail.; Adjust alerts or limits where supported.,Healthy quota; Near limit; Limit reached; Provider unavailable,Provider; Spend; Quota; Alert threshold; Recent usage,Swift QuotaGuardView exists; no direct screenshot route captured.
47,rm-lib,Library hub → dissolved,Information architecture decision,matches,current-captured,board-screenshots/47-library-hub-dissolved.jpg,swift-screenshots/tab-settings.png,Document that Library should not be a primary app destination and its useful pieces should move into more relevant flows.,"Use this as a design constraint, not a user-facing screen.",Not a shipping screen,Moved features; Destination surfaces,Swift root IA has no Library tab; library responsibilities are dissolved.
48,rm-shell,Session surface switcher → deleted,Information architecture decision,matches,current-captured,board-screenshots/48-session-surface-switcher-deleted.jpg,,Document that a session surface switcher should not be a primary navigation model.,"Use this as a design constraint, not a user-facing screen.",Not a shipping screen,Kept deep tools; Removed primary navigation concept,No root session surface switcher is present in captured root tabs.
49,rm-keys,Mock SSH host counts → fixed (real data),Data correctness decision,partial,partial-or-route-gap,board-screenshots/49-mock-ssh-host-counts-fixed-real-data.jpg,swift-screenshots/tab-fleet.png,Document that host and key counts should reflect real data rather than placeholder counts.,Use real counts wherever this information appears.,No real data; Real data available; Unable to load data,Host count; Key count; Credential status,Fleet uses real/debug-seeded host data; exact board note is not a product screen.
50,decisions,Decisions applied,Design decision log,intentionally deferred,decision-reference,board-screenshots/50-decisions-applied.jpg,,Summarize product decisions that should guide the remaining page designs.,Use as designer reference.,Not a shipping screen,Decision; Reason; Affected surfaces,Board decision card is not meant to become a Swift screen.
51,ramp,Risk ramp · independent of brand,Risk model,partial,partial-or-route-gap,board-screenshots/51-risk-ramp-independent-of-brand.jpg,swift-screenshots/gallery-features.jpg,Define how risk levels should map to approval behavior independent of provider branding.,"Use risk mapping when designing approval, policy, and notification flows.",Low risk; Medium risk; High risk; Critical risk,Risk level; Default action; Authentication requirement; Policy override,Risk logic and UI states exist; board card is a product/design rationale artifact.
52,sessionview,SessionView · full-screen block terminal,Power-user session,partial,partial-or-route-gap,board-screenshots/52-session-view.jpg,swift-screenshots/gallery-session.jpg,"Provide a full-screen block terminal session showing agent work, live command blocks with status, output streaming, and a chat input bar.","Read live output from running commands.; Send input or follow-up instructions.; Inspect block status (running, completed, failed).",Connected and streaming; Connecting; Disconnected; Idle prompt,Host and directory context; Command blocks with timestamps; Output stream per block; Connection state,Session gallery route exists; board adds richer block card treatment and persistent chat input.
53,chat-transcript,ChatTranscriptView · scrollable block transcript,Power-user session,partial,partial-or-route-gap,board-screenshots/53-chat-transcript-view.jpg,swift-screenshots/gallery-session.jpg,"Render a scrollable transcript of agent tool cards, commands, outputs, and status per block.",Scroll through block history.; Tap a block to expand or inspect.; Open block action menu.,Populated transcript; Empty transcript; Streaming new blocks,Block list; Per-block status and output; Agent identity,ChatTranscriptView exists; board adds refined block card layout.
54,toolcard,ToolCardView · individual agent tool card,Power-user session,partial,partial-or-route-gap,board-screenshots/54-tool-card-view.jpg,swift-screenshots/gallery-session.jpg,"Display one agent tool invocation with its command, output, status badges, blast chips, and action buttons.","View command and output.; Approve, deny, or edit a pending tool.; Inspect blast radius chips.",Running; Completed; Failed; Waiting for approval,"Tool name; Command; Output; Blast chips (files, git, network, credentials); Status badge",ToolCardView exists; board adds blast chips and richer status treatment.
55,chat-input,ChatInputBar · bottom input bar,Power-user session,partial,partial-or-route-gap,board-screenshots/55-chat-input-bar.jpg,swift-screenshots/gallery-session.jpg,Provide a persistent text input at the bottom of the session for sending commands to the agent.,Type a command or message.; Send input.; Open attachments or shortcuts.,Idle; Typing; Sending; Disabled (disconnected),Prompt prefix (›); Placeholder text; Send button state,ChatInputBar exists in the session gallery; board refines the accessory rail integration.
56,keyboard-rail,KeyboardAccessoryRail · shortcut rail,Power-user session,partial,partial-or-route-gap,board-screenshots/56-keyboard-accessory-rail.jpg,,Show a horizontal rail of common command chips above the keyboard for quick input.,Tap a shortcut chip to insert the command.; Scroll the chip list.,Default chips; Customized chips; Empty (no shortcuts configured),"Chip labels (git, npm, swift, curl, etc.); Associated commands",Keyboard rail exists as a configurable accessory; board shows default chip set.
57,qr-scanner,QRScannerView · camera QR scanner,Onboarding and pairing,partial,partial-or-route-gap,board-screenshots/57-qr-scanner-view.jpg,swift-screenshots/gallery-onboarding-b.jpg,Scan a bridge pairing QR code as the primary onboarding path.,Scan a QR code.; Enter pairing code manually as fallback.; Handle scan failure or timeout.,Scanning; Code scanned; Scan failed; Permission denied,Camera feed; Viewfinder overlay; Manual entry link; Instructions,QR scanning exists in onboarding; board adds refined viewfinder and instruction overlay.
58,bridge-pairing,BridgePairingView · bridge pairing screen,Relay and security,partial,partial-or-route-gap,board-screenshots/58-bridge-pairing-view.jpg,,"Show a 6-digit pairing code, QR toggle, and connection status for bridge pairing.",Display pairing code to the bridge CLI.; Switch between code and QR display.; Monitor connection progress.,Waiting for pairing; Pairing in progress; Paired; Pairing failed,Pairing code; QR representation; Bridge identity; Connection status,Bridge pairing flow exists in onboarding/relay views; board isolates the dedicated pairing card.
59,ssh-connect,SSHConnectOverlay · full-screen connecting overlay,Host setup,partial,partial-or-route-gap,board-screenshots/59-ssh-connect-overlay.jpg,,"Show a full-screen dark overlay with animated orbital rings, PixelAvatar, and phase text during SSH connection.",Cancel connection.; Monitor connection progress.,Connecting; Verifying; Setup; Done; Failed,Host identity; Phase label; PixelAvatar; Cancel action,Connection overlay exists in live SSH flow; board adds orbital animation treatment.
60,workspaces,WorkspacesView · saved hosts list,Host setup,partial,partial-or-route-gap,board-screenshots/60-workspaces-view.jpg,swift-screenshots/tab-fleet.png,"List saved SSH hosts with avatar, status dot, name, address, last used time, and FAB to add.",Open a host.; Add a new host.; Delete or edit an existing host.,Populated list; Empty list; Offline hosts; Loading,Host name; PixelAvatar; Status dot; Address; Last used time,Host list exists in fleet tab; board adds dedicated workspaces root with FAB.
61,host-editor,HostEditorView · SSH host form,Host setup,partial,partial-or-route-gap,board-screenshots/61-host-editor-view.jpg,,Provide a form for adding or editing SSH host configuration.,"Enter name, hostname, port, username.; Choose auth method (password or key).; Test connection.; Save host.",Empty form; Testing connection; Connection test succeeded; Connection test failed; Saving,Host name; Hostname/IP; Port; Username; Auth method; Test result,AddHostView exists; board refines the form layout and test-connection UX.
62,host-key-confirm,HostKeyConfirmSheet · TOFU host key trust,Host setup and trust,partial,partial-or-route-gap,board-screenshots/62-host-key-confirm-sheet.jpg,,Present a bottom sheet for TOFU host key trust decision on first connection.,Review host fingerprint.; Trust and connect.; Cancel and stop connection.,Unknown host key; Fingerprint changed; Trusted,Host name; SHA256 fingerprint visual; Trust and Cancel buttons,TOFU sheet exists in live SSH flow; board adds fingerprint visual and refined sheet design.
63,terminal-settings,TerminalSettingsView · shell and color scheme,Settings,partial,partial-or-route-gap,board-screenshots/63-terminal-settings-view.jpg,,"Configure default shell, color scheme, font size, and auto-connect toggle for the terminal.",Select default shell (bash/zsh/fish).; Pick a color scheme.; Adjust font size.; Toggle auto-connect.,Default settings; Customized settings; Unsupported shell selected,"Shell list; Color scheme list (Dark+, Solarized, Nord, Dracula, Gruvbox); Font size slider; Auto-connect toggle",Terminal settings exist; board adds curated color scheme selection.
64,e2e-relay,E2ERelayPairingView · relay status and pairing,Relay and security,partial,partial-or-route-gap,board-screenshots/64-e2e-relay-pairing-view.jpg,,"Display relay connection status, E2E encryption badge, pairing QR, and disconnect option.",View relay state.; Re-pair or disconnect.; Inspect encryption details.,Paired; Pairing; Unpaired; Disconnected,Relay URL/state; Encryption badge (X25519 + ChaCha20-Poly1305); Pairing QR; Disconnect button,Relay pairing view exists; board adds encryption algorithm badge.
65,trust-privacy-detail,TrustPrivacyView · data path explanations,Trust and privacy,partial,partial-or-route-gap,board-screenshots/65-trust-privacy-view.jpg,,"Explain per-feature what data stays local, goes to provider, or goes through relay with color-coded badges.",Review data paths for each capability.; Open related settings.,Local-only path; Cloud provider path; Relay path; Unknown path,Feature name; Data classification; Destination badge; Control path,Settings entry exists; board adds dedicated detail view with color-coded path badges.
66,premium-compare,PremiumComparisonView · Free vs Pro,Billing,partial,partial-or-route-gap,board-screenshots/66-premium-comparison-view.jpg,swift-screenshots/gallery-paywall.jpg,Compare Free and Pro plan features with check marks and plan columns.,Review feature differences.; Start upgrade flow.,Free plan; Pro plan; Loading,Feature list; Plan columns; Check marks; Upgrade call to action,Paywall gallery exists; board adds dedicated comparison view.
67,billing-history,BillingView · plan and invoice history,Billing,partial,partial-or-route-gap,board-screenshots/67-billing-view.jpg,swift-screenshots/gallery-billing.jpg,"Show current plan, next billing date, payment method, and invoice history.",View current plan.; Change payment method.; Browse invoice history.,Active subscription; No subscription; Payment method missing; Loading,Plan name; Next billing date; Payment method; Invoice list,"Billing gallery exists; board integrates plan, invoices, and payment method in one view."
68,provider-keys-detail,ProviderKeysView · API key management,Provider setup,partial,partial-or-route-gap,board-screenshots/68-provider-keys-view.jpg,,"Manage provider API keys with status badges for Anthropic, OpenAI, OpenRouter, Ollama, Google, Azure.",Add or update a provider key.; Verify a key.; Remove a key.,Connected; Missing key; Invalid key; Verifying,Provider name; Key status badge; Available models; Last verified,Provider keys view exists; board adds expanded provider list and status badges.
69,shortcut-editor,ShortcutBarEditor · customize shortcut bar,Settings,partial,partial-or-route-gap,board-screenshots/69-shortcut-bar-editor.jpg,,Provide drag-reorder and enable/disable toggles for the keyboard accessory shortcut bar.,Reorder shortcuts by dragging.; Enable or disable individual shortcuts.,Default layout; Customized layout; Empty (all disabled),Shortcut list; Drag handle; Enable toggle,Shortcut bar exists; board adds dedicated editor for customization.
70,snippet-editor,SnippetEditorView · snippet editing,Settings,partial,partial-or-route-gap,board-screenshots/70-snippet-editor-view.jpg,,"Edit a command snippet with name, command body, and arguments list.",Edit snippet name.; Edit command text.; Add or remove arguments.; Save or discard changes.,Editing new snippet; Editing existing snippet; Invalid command; Saving,Snippet name; Command body; Arguments list,Snippets exist in code; board adds dedicated editor view.
71,sync-status,SyncStatusView · iCloud sync status,Settings,partial,partial-or-route-gap,board-screenshots/71-sync-status-view.jpg,,"Display iCloud sync status, last sync time, connected devices, and sync toggle.",View sync state.; Toggle sync on or off.; View connected devices.,Synced; Syncing; Sync paused; iCloud unavailable,Sync status; Last sync time; Device list; Sync toggle,iCloud sync exists; board adds dedicated status view.
72,policy-yaml-editor,PolicyEditorView · raw YAML editor,Policy and governance,partial,partial-or-route-gap,board-screenshots/72-policy-editor-view.jpg,,Provide a raw YAML policy editor with syntax coloring and Save & Reload on Bridge action.,Edit YAML content.; Save and reload on bridge.; Validate YAML syntax.,Valid YAML; Invalid YAML; Saving; Reload pending,YAML body; Syntax highlighting; Validation errors; Reload status,Policy YAML editor exists; board adds syntax coloring treatment.
73,secrets-vault,SecretsView · secrets vault,Secrets and permissions,partial,partial-or-route-gap,board-screenshots/73-secrets-view.jpg,,"Display secrets vault with name, type (env/file/api-key), scope, and pending agent requests.",Approve or deny a secret request.; View secret metadata.; Revoke or rotate access.,No secrets; Secrets available; Pending requests; Backend unavailable,Secret name; Type badge; Scope; Requester,Secrets view exists; board adds type badges and request queue.
74,audit-events,AuditView · chronological audit events,Audit and compliance,partial,partial-or-route-gap,board-screenshots/74-audit-view.jpg,,Show chronological audit events grouped by time with hash verification status.,Browse audit events.; Verify an event hash.; Export audit log.,Populated; Empty; Verification failed; Exporting,Event list grouped by time; Event type; Hash status; Timestamp,Audit chain view exists; board adds time-grouped layout and hash badges.
75,doctor-diag,DoctorView · health check diagnostics,Diagnostics,partial,partial-or-route-gap,board-screenshots/75-doctor-view.jpg,,"Run health checks for daemon, hooks, keys, policy, host, and relay with pass/fail badges.",Run all checks.; Open fix instructions.; Re-run individual checks.,All pass; Some fail; Running; Unable to run,Check name; Pass/fail badge; Failure reason; Suggested fix,Doctor view exists; board adds richer per-check detail.
76,ssh-keys-manage,KeysView · SSH key management,Credentials,partial,partial-or-route-gap,board-screenshots/76-keys-view.jpg,,"Manage SSH keys with fingerprints, host associations, and last-used times.",View generated keys.; Add or import a key.; Remove or rotate a key.,No keys; Keys available; Key locked,Key label; Fingerprint; Host usage; Last used time,SSH key management exists; board adds host usage and last-used columns.
77,agents-list,AgentsView · cloud-hosted agent list,Fleet and providers,partial,partial-or-route-gap,board-screenshots/77-agents-view.jpg,,"List cloud-hosted agents with status, model, and spend per agent.",Open an agent detail.; Create a new agent.; Pause or resume an agent.,Populated list; Empty list; Loading; Offline agents,Agent name; Status badge; Model/provider; Spend,Agent list exists in fleet tab; board adds dedicated agents root.
78,agent-detail,AgentDetailView · agent detail header,Fleet and providers,partial,partial-or-route-gap,board-screenshots/78-agent-detail-view.jpg,,"Show agent detail header with run history list and controls (Pause/Resume, Schedule, Delete).",View agent info.; Pause or resume the agent.; Open run history.; Delete agent.,Agent active; Agent paused; Agent offline; No run history,Agent name; Model; Status; Spend; Run list,Agent detail exists; board adds run history and schedule controls.
79,agent-run-detail,AgentRunDetailView · agent run with live output,Run control,partial,partial-or-route-gap,board-screenshots/79-agent-run-detail-view.jpg,,"Show run detail with live output stream and controls (Stop, Pause, Budget, Ship, Diff).",Monitor live output.; Stop or pause the run.; Set budget.; Ship or review diff.,Running; Paused; Completed; Failed,Goal; Live output stream; Controls; Budget progress,Run detail view exists; board adds Ship/Diff action buttons.
80,agent-files,AgentFilesView · agent workspace file browser,File review,partial,partial-or-route-gap,board-screenshots/80-agent-files-view.jpg,,Browse agent workspace files with a directory tree.,Navigate directory tree.; Open a file for preview.; Return to run context.,Files available; No files; Loading,Directory tree; File names; File sizes; Permissions,File browsing exists in run context; board adds dedicated files view.
81,agent-workspace,AgentWorkspaceView · repository view,Repository,partial,partial-or-route-gap,board-screenshots/81-agent-workspace-view.jpg,,"Show repository and workspace context with branch, commits, and CI status.",Switch branch.; View commit history.; Inspect CI status.,Repository connected; No repository; CI passing; CI failing,Repository name; Branch; Recent commits; CI status badge,Workspace context exists in loop detail; board adds dedicated workspace view.
82,agent-org,AgentOrgView · org members list,Fleet and providers,partial,partial-or-route-gap,board-screenshots/82-agent-org-view.jpg,,Show organization members list with roles and status.,View member roles.; Invite new members.; Remove a member.,Populated list; Empty list; Loading,Member name; Role; Status,Org features are cloud-only; board previews the member management view.
83,agent-exec,AgentExecView · single execution detail,Run control,partial,partial-or-route-gap,board-screenshots/83-agent-exec-view.jpg,,"Show a single agent execution with command, arguments, environment, and output.",View command and args.; Inspect environment.; Read output.,Completed; Running; Failed,Command; Arguments; Environment variables; Output,Execution detail exists in run history; board isolates it as a standalone view.
84,create-agent,CreateAgentSheet · new hosted agent form,Fleet and providers,partial,partial-or-route-gap,board-screenshots/84-create-agent-sheet.jpg,,"Provide a bottom sheet form for creating a new hosted agent with name, runtime, model, and budget.",Enter agent name.; Select runtime.; Choose model.; Set budget.; Create or cancel.,Empty form; Submitting; Creation failed,Agent name field; Runtime picker; Model picker; Budget input,Agent creation exists; board adds a dedicated sheet form.
85,agent-billing,AgentBillingSheet · prepaid credits,Billing,partial,partial-or-route-gap,board-screenshots/85-agent-billing-sheet.jpg,,"Show prepaid credits, per-agent spend breakdown, and top-up options.",View credit balance.; Top up credits.; View spend breakdown.,Credits available; Credits low; Credits exhausted; Loading,Credit balance; Per-agent spend; Top-up options; Spend history,Billing sheet exists behind cloud agent flows; board adds credit-focused layout.
86,edit-schedule,EditScheduleSheet · schedule editor,Run control,partial,partial-or-route-gap,board-screenshots/86-edit-schedule-sheet.jpg,,"Provide a schedule editor with cron expression, command, and enabled toggle.",Enter or edit cron expression.; Set command.; Toggle schedule on/off.,Valid cron; Invalid cron; Schedule enabled; Schedule disabled,Cron expression; Command; Enabled toggle; Next run preview,Scheduling exists for cloud agents; board adds dedicated editor sheet.
87,loop-detail,LoopDetailView · full agent loop lifecycle,Loop supervision,partial,partial-or-route-gap,board-screenshots/87-loop-detail-view.jpg,,"Show the full agent loop lifecycle: goal through plan, execution, CI, and proof with timeline stages.",Review each loop stage.; Open CI or proof detail.; Stop or redirect the loop.,Planning; Executing; Waiting on CI; Ready for proof; Completed; Failed,Goal; Plan steps; Current stage; CI events; Proof status,Loop detail view exists; board adds timeline stage visualization.
88,run-detail,RunDetailView · streaming output + controls,Run control,partial,partial-or-route-gap,board-screenshots/88-run-detail-view.jpg,,"Provide streaming output view with budget progress and controls (Stop, Pause, Set Budget, Nudge).",Read live output.; Stop or pause run.; Set or change budget.; Send a nudge.,Running; Paused; Completed; Failed,Goal; Output stream; Budget progress; Available controls,Run detail exists; board adds budget progress bar and nudge control.
89,quota-guard,QuotaGuardView · per-provider quota dashboard,Cost control,partial,partial-or-route-gap,board-screenshots/89-quota-guard-view.jpg,,"Show per-provider quota dashboard with spend vs cap, time windows, and alert thresholds.",Review quota by provider.; Adjust alert thresholds.; Open provider detail.,Within quota; Near limit; Limit reached; Provider unavailable,Provider name; Spend; Cap; Time window; Alert threshold,QuotaGuardView exists; board adds time windows and alert threshold controls.
90,worktree-board,"Git, Files & Preview · kanban and ship",Branch supervision,partial,partial-or-route-gap,board-screenshots/90-worktree-board-view.jpg,,"Show 3-column kanban for git worktrees: Active, Stale, Merged.",Move worktree between columns.; Open a worktree detail.; Promote or archive.,Active worktrees; Stale worktrees; No worktrees,Worktree columns; Branch name; Status; Last activity,Worktree board exists; board adds kanban column layout.
91,run-ship,RunShipSheet · ship changes bottom sheet,Branch supervision,partial,partial-or-route-gap,board-screenshots/91-run-ship-sheet.jpg,,"Provide a bottom sheet for shipping changes with files list, commit message, and PR toggle.",Review changed files.; Write commit message.; Toggle PR creation.; Ship or cancel.,Ready to ship; Shipping; Ship failed,Changed files list; Commit message; PR toggle; Ship status,Ship flow exists in loop/run context; board adds dedicated ship sheet.
92,ship-it,ShipItSheet · ship from loop context,Branch supervision,partial,partial-or-route-gap,board-screenshots/92-ship-it-sheet.jpg,,"Ship changes from loop context with goal summary, changed files, and commit preview.",Review goal and changes.; Write or confirm commit message.; Execute ship.,Changes staged; Shipping; Ship failed,Goal summary; Changed files; Commit message; Ship status,Ship sheet exists; board adds goal summary context.
93,sftp-browser,FilesView · SFTP file browser,File review,partial,partial-or-route-gap,board-screenshots/93-files-view.jpg,,"Provide an SFTP file browser with breadcrumb navigation, permissions, sizes, and dates.",Navigate directories.; Open a file.; View file metadata.,Files available; Directory empty; Loading; Connection lost,Breadcrumb trail; File name; Permissions; Size; Modification date,SFTP file browser exists; board adds breadcrumb and detail columns.
94,file-preview,FilePreviewView · monospace file preview,File review,partial,partial-or-route-gap,board-screenshots/94-file-preview-view.jpg,swift-screenshots/gallery-filepreview.jpg,Display a monospace file preview with line numbers and language badge.,Scroll file content.; Copy text.; Return to browser or run context.,File loaded; File unavailable; Unsupported type,File content; Line numbers; Language badge; File path,File preview gallery exists; board adds language badge treatment.
95,diff-side-by-side,DiffView · side-by-side git diff,File change review,matches,current-captured,board-screenshots/95-diff-view.jpg,swift-screenshots/gallery-diff.jpg,Show a side-by-side git diff with green/red highlighting and line numbers.,Review changes.; Approve or deny.; Open file detail.,Diff available; Large diff; Binary file,Added lines; Removed lines; Line numbers; File path,Diff gallery exists; board adds side-by-side layout.
96,preview-surface,PreviewSurface · WKWebView preview,Preview and browsing,partial,partial-or-route-gap,board-screenshots/96-preview-surface.jpg,,Provide a WKWebView preview frame with URL bar for previewing served content.,View rendered content.; Interact with the web view.,Content loaded; Loading; Content failed,URL; Web content,Web preview exists; board refines the toolbar integration.
97,preview-toolbar,PreviewToolbar · URL bar and controls,Preview and browsing,partial,partial-or-route-gap,board-screenshots/97-preview-toolbar.jpg,,"Provide URL bar with refresh, back/forward navigation, and port selector for the preview surface.",Enter or edit URL.; Refresh page.; Navigate back or forward.; Select port.,Page loaded; Loading; Invalid URL,URL text; Refresh button; Back/forward buttons; Port selector,Preview toolbar exists in preview context; board refines port selector.
98,ds-button-gallery,Design System · DSButtonGallery,Design system gallery,partial,partial-or-route-gap,board-screenshots/98-ds-button-gallery.jpg,swift-screenshots/gallery-features.jpg,"Show all button variants: primary, ghost, danger, quiet in normal and disabled states.",Browse variants.; Inspect disabled and pressed states.,All variants visible; None (static reference),Variant labels; Disabled variants,Button gallery exists in the component gallery; board shows all variants in one frame.
99,ds-chip-gallery,Design System · DSChipGallery,Design system gallery,partial,partial-or-route-gap,board-screenshots/99-ds-chip-gallery.jpg,swift-screenshots/gallery-features.jpg,"Show all chip types: file, git, network, credentials, Pro, soon, new.",Browse chip variants.,All variants visible,Chip labels and icons,Chips exist in the component gallery; board catalogues all variants.
100,ds-risk-gallery,Design System · RiskBadgeGallery,Design system gallery,partial,partial-or-route-gap,board-screenshots/100-ds-risk-badge-gallery.jpg,swift-screenshots/gallery-features.jpg,"Show all 4 risk levels: low, medium, high, critical.",Browse risk badges.,All levels visible,Risk level labels; Color coding,Risk badges exist; board catalogues all levels.
101,ds-statusdot-gallery,Design System · StatusDotGallery,Design system gallery,partial,partial-or-route-gap,board-screenshots/101-ds-status-dot-gallery.jpg,swift-screenshots/gallery-features.jpg,"Show all status dot variants: working, waiting, idle, error, offline, done.",Browse status dots.,All variants visible,Status labels; Dot colors,Status dots exist; board catalogues all states.
102,ds-blockcard-gallery,Design System · DSBlockCardGallery,Design system gallery,partial,partial-or-route-gap,board-screenshots/102-ds-block-card-gallery.jpg,swift-screenshots/gallery-features.jpg,"Show block cards in running, completed, and failed states.",Browse block card states.,Running; Completed; Failed,Block card variants; State indicators,Block cards exist; board catalogues all states.
103,ds-bubble-gallery,Design System · DSMessageBubbleGallery,Design system gallery,partial,partial-or-route-gap,board-screenshots/103-ds-message-bubble-gallery.jpg,swift-screenshots/gallery-features.jpg,"Show chat bubble variants: user, assistant, system.",Browse bubble variants.,All variants visible,Bubble styles,Message bubbles exist; board catalogues all types.
104,ds-approval-gallery,Design System · DSApprovalCardGallery,Design system gallery,partial,partial-or-route-gap,board-screenshots/104-ds-approval-card-gallery.jpg,swift-screenshots/gallery-features.jpg,"Show approval cards with approve, deny, edit, and allow-always actions.",Browse approval card variants.,All action variants visible,Action buttons; Card layout,Approval cards exist; board catalogues all action variants.
105,ds-decision-gallery,Design System · DSDecisionSheetGallery,Design system gallery,partial,partial-or-route-gap,board-screenshots/105-ds-decision-sheet-gallery.jpg,,Show the 4-action decision sheet with all action buttons.,Browse decision sheet layout.,All 4 actions visible,Action list,Decision sheet exists; board catalogues the 4-action layout.
106,ds-blast-gallery,Design System · DSBlastRadiusGallery,Design system gallery,partial,partial-or-route-gap,board-screenshots/106-ds-blast-radius-gallery.jpg,swift-screenshots/gallery-features.jpg,Show blast radius inline chips and full-width banner variants.,Browse blast radius variants.,Inline chips visible; Banner variants visible,Chip labels; Banner layouts,Blast radius components exist; board catalogues all display modes.
107,ds-spend-gallery,Design System · DSSpendHeroGallery,Design system gallery,partial,partial-or-route-gap,board-screenshots/107-ds-spend-hero-gallery.jpg,swift-screenshots/gallery-billing.jpg,Show the spend hero card with provider breakdown.,Browse spend hero layout.,Single provider; Multiple providers; No spend data,Spend amount; Provider breakdown,Spend hero exists in billing gallery; board catalogues it as a component.
108,ds-proof-gallery,Design System · ProofCardViewGallery,Design system gallery,matches,current-captured,board-screenshots/108-ds-proof-card-gallery.jpg,swift-screenshots/gallery-proof.jpg,Show the completion proof card with CI status.,Browse proof card layout.,Proof complete; Proof pending; Proof failed,Goal summary; CI status; Changed files,Proof card gallery exists; board catalogues it as a design system component.
109,ds-header-gallery,Design System · DSScreenHeaderGallery,Design system gallery,partial,partial-or-route-gap,board-screenshots/109-ds-screen-header-gallery.jpg,,Show screen header with title cursor and breadcrumb.,Browse header variants.,With breadcrumb; Without breadcrumb,Title; Breadcrumb trail; Cursor indicator,Screen headers exist; board catalogues cursor and breadcrumb treatments.
110,ds-statusheader-gallery,Design System · DSStatusHeaderGallery,Design system gallery,partial,partial-or-route-gap,board-screenshots/110-ds-status-header-gallery.jpg,,Show bridge status header variants.,Browse status header variants.,Connected; Disconnected; Pairing,Status label; Connection indicator,Status headers exist; board catalogues all connection states.
111,ds-island-gallery,Design System · AgentIslandGallery,Design system gallery,partial,partial-or-route-gap,board-screenshots/111-ds-agent-island-gallery.jpg,,"Show compact agent card with avatar, status, and inline approval.",Browse island variants.,Idle; Working; Waiting for approval,Agent avatar; Status; Approval controls,Agent island component exists; board catalogues interactive states.
112,ds-hostrow-gallery,Design System · DSHostRowGallery,Design system gallery,partial,partial-or-route-gap,board-screenshots/112-ds-host-row-gallery.jpg,,Show host list row variants.,Browse row variants.,Online; Offline; Degraded,Host name; Status dot; Avatar; Address,Host rows exist in fleet; board catalogues all row variants.
113,ds-sessionrow-gallery,Design System · DSSessionRowGallery,Design system gallery,partial,partial-or-route-gap,board-screenshots/113-ds-session-row-gallery.jpg,,Show session row with unread badges.,Browse session row variants.,Unread; Read; Active,Session name; Unread badge; Timestamp,Session rows exist; board catalogues badge and state variants.
114,ds-state-gallery,Design System · DSStateGallery,Design system gallery,partial,partial-or-route-gap,board-screenshots/114-ds-state-gallery.jpg,swift-screenshots/gallery-states.jpg,"Show empty, loading, error, and offline state components.",Browse state variants.,Empty; Loading; Error; Offline,Illustration; Title; Description; Action button,State gallery exists; board catalogues all state components.
115,ds-tabbar-gallery,Design System · DSTabBarGallery,Design system gallery,matches,current-captured,board-screenshots/115-ds-tab-bar-gallery.jpg,,Show the 4-tab bar with inbox badge.,Browse tab bar layout.,Badge visible; Badge hidden,Tab icons; Tab labels; Badge count,Tab bar exists as the app root; board catalogues badge state.
116,ds-segment-gallery,Design System · DSSegmentedControlGallery,Design system gallery,partial,partial-or-route-gap,board-screenshots/116-ds-segmented-control-gallery.jpg,,"Show segmented controls with 2, 3, and 4 segments.",Browse segment variants.,2 segments; 3 segments; 4 segments,Segment labels; Selected state,Segmented controls exist; board catalogues all width variants.
117,ds-toast-gallery,Design System · DSToastGallery,Design system gallery,partial,partial-or-route-gap,board-screenshots/117-ds-toast-gallery.jpg,,Show toast notification variants.,Browse toast variants.,Success; Error; Warning; Info,Toast message; Icon; Dismiss action,Toasts exist; board catalogues all severity variants.
118,ds-sheet-gallery,Design System · DSSheetGallery,Design system gallery,partial,partial-or-route-gap,board-screenshots/118-ds-sheet-gallery.jpg,,Show the bottom sheet pattern.,Browse sheet layout.,Default height; Expanded height; With drag indicator,Sheet content; Drag handle,Sheets are used throughout the app; board catalogues the pattern.
119,ds-divider-gallery,Design System · DSDividerGallery,Design system gallery,partial,partial-or-route-gap,board-screenshots/119-ds-divider-gallery.jpg,,"Show dividers, spectrum bar, and dot matrix variants.",Browse divider variants.,All variants visible,Divider styles; Spectrum bar; Dot matrix,Dividers exist; board catalogues all decorative variants.
120,ds-avatar-gallery,Design System · PixelAvatarGallery,Design system gallery,partial,partial-or-route-gap,board-screenshots/120-ds-pixel-avatar-gallery.jpg,swift-screenshots/gallery-features.jpg,Show all 8 palette variants in 4 sizes.,Browse avatar variants.,All sizes and palettes visible,Size variants; Palette variants,PixelAvatar exists in gallery; board catalogues all palette and size combinations.
121,ds-relay-badge-gallery,Design System · E2ERelayStatusBadge,Design system gallery,partial,partial-or-route-gap,board-screenshots/121-ds-e2e-relay-badge-gallery.jpg,,"Show the relay badge with paired, pairing, and disconnected states.",Browse relay badge states.,Paired; Pairing; Disconnected,Status label; Icon indicator,Relay badge exists; board catalogues all states.
122,ds-health-gallery,Design System · HostHealthBadgeGallery,Design system gallery,partial,partial-or-route-gap,board-screenshots/122-ds-host-health-badge-gallery.jpg,,"Show health badges with CPU, memory, and disk metrics.",Browse health badge variants.,Healthy; Degraded; Critical,CPU metric; Memory metric; Disk metric; Status color,Health badges exist in fleet; board catalogues all metric states.
